accountsservice	23.13.9-2ubuntu6.1
acl	2.3.2-1build1.1
adduser	3.137ubuntu1
adwaita-icon-theme	46.0-1
apg	2.2.3.dfsg.1-5build3
apt	2.8.3
apt-utils	2.8.3
aptdaemon	1.1.1+bzr982-0ubuntu44
aptdaemon-data	1.1.1+bzr982-0ubuntu44
at-spi2-common	2.52.0-1build1
at-spi2-core	2.52.0-1build1
base-files	13ubuntu10.5
base-passwd	3.6.3build1
bash	5.2.21-2ubuntu4
bsdutils	1:2.39.3-9ubuntu6.6
bubblewrap	0.9.0-1ubuntu0.3
busybox-initramfs	1:1.36.1-6ubuntu3.1
ca-certificates	20260601~24.04.1
cloud-guest-utils	0.33-1
colord	1.4.7-1build2
colord-data	1.4.7-1build2
console-setup	1.226ubuntu1.1
console-setup-linux	1.226ubuntu1.1
coreutils	9.4-3ubuntu6.3
cpio	2.15+dfsg-1ubuntu2.1
cpp	4:13.2.0-7ubuntu1
cpp-13	13.3.0-6ubuntu2~24.04.1
cpp-13-x86-64-linux-gnu	13.3.0-6ubuntu2~24.04.1
cpp-x86-64-linux-gnu	4:13.2.0-7ubuntu1
cron	3.0pl1-184ubuntu2
cron-daemon-common	3.0pl1-184ubuntu2
curl	8.5.0-2ubuntu10.15
dash	0.5.12-6ubuntu5
dbus	1.14.10-4ubuntu4.1
dbus-bin	1.14.10-4ubuntu4.1
dbus-daemon	1.14.10-4ubuntu4.1
dbus-session-bus-common	1.14.10-4ubuntu4.1
dbus-system-bus-common	1.14.10-4ubuntu4.1
dbus-user-session	1.14.10-4ubuntu4.1
dbus-x11	1.14.10-4ubuntu4.1
dconf-cli	0.40.0-4ubuntu0.1
dconf-gsettings-backend:amd64	0.40.0-4ubuntu0.1
dconf-service	0.40.0-4ubuntu0.1
debconf	1.5.86ubuntu1
debconf-i18n	1.5.86ubuntu1
debianutils	5.17build1
desktop-file-utils	0.27-2build1
dhcpcd-base	1:10.0.6-1ubuntu3.2
dictionaries-common	1.29.7
diffutils	1:3.10-1ubuntu0.1
dirmngr	2.4.4-2ubuntu17.6
distro-info	1.7build1
distro-info-data	0.72-0ubuntu0.24.04.1
dmidecode	3.5-3ubuntu0.2
dmsetup	2:1.02.185-3ubuntu3.2
dpkg	1.22.6ubuntu6.6
dracut-install	060+5-1ubuntu3.4
e2fsprogs	1.47.0-2.4~exp1ubuntu4.1
efibootmgr	18-1build2
eject	2.39.3-9ubuntu6.6
emacsen-common	3.0.5
espeak-ng	1.51+dfsg-12build1
espeak-ng-data:amd64	1.51+dfsg-12build1
ethtool	1:6.7-1build1
evolution-data-server-common	3.52.3-0ubuntu1.2
fdisk	2.39.3-9ubuntu6.6
findutils	4.9.0-5build1
fontconfig	2.15.0-1.1ubuntu2
fontconfig-config	2.15.0-1.1ubuntu2
fonts-cantarell	0.303.1-1
fonts-dejavu-core	2.37-8
fonts-dejavu-mono	2.37-8
fuse3	3.14.0-5build1
gcc-13-base:amd64	13.3.0-6ubuntu2~24.04.1
gcc-14-base:amd64	14.2.0-4ubuntu2~24.04.1
gdisk	1.0.10-1build1
gdm3	46.2-1ubuntu1~24.04.9
geoclue-2.0	2.7.0-3ubuntu7
geocode-glib-common	3.26.3-6build3
gettext-base	0.21-14ubuntu2
gir1.2-accountsservice-1.0:amd64	23.13.9-2ubuntu6.1
gir1.2-adw-1:amd64	1.5.0-1ubuntu2
gir1.2-atk-1.0:amd64	2.52.0-1build1
gir1.2-atspi-2.0:amd64	2.52.0-1build1
gir1.2-freedesktop:amd64	1.80.1-1
gir1.2-gck-2:amd64	4.2.0-5
gir1.2-gcr-4:amd64	4.2.0-5
gir1.2-gdesktopenums-3.0:amd64	46.1-0ubuntu1
gir1.2-gdkpixbuf-2.0:amd64	2.42.10+dfsg-3ubuntu3.3
gir1.2-gdm-1.0	46.2-1ubuntu1~24.04.9
gir1.2-geoclue-2.0:amd64	2.7.0-3ubuntu7
gir1.2-girepository-2.0:amd64	1.80.1-1
gir1.2-glib-2.0:amd64	2.80.0-6ubuntu3.9
gir1.2-gnomebg-4.0:amd64	44.0-5build2
gir1.2-gnomebluetooth-3.0:amd64	46.0-1ubuntu1
gir1.2-gnomedesktop-4.0:amd64	44.0-5build2
gir1.2-graphene-1.0:amd64	1.10.8-3build2
gir1.2-gstreamer-1.0:amd64	1.24.2-1ubuntu0.1
gir1.2-gtk-3.0:amd64	3.24.41-4ubuntu1.3
gir1.2-gtk-4.0:amd64	4.14.5+ds-0ubuntu0.10
gir1.2-gweather-4.0:amd64	4.4.2-1build1
gir1.2-harfbuzz-0.0:amd64	8.3.0-2build2
gir1.2-ibus-1.0:amd64	1.5.29-2
gir1.2-javascriptcoregtk-6.0:amd64	2.52.6-0ubuntu0.24.04.1
gir1.2-mutter-14:amd64	46.2-1ubuntu0.24.04.16
gir1.2-nm-1.0:amd64	1.46.0-1ubuntu2.8
gir1.2-nma4-1.0:amd64	1.10.6-3build2
gir1.2-packagekitglib-1.0	1.2.8-2ubuntu1.5
gir1.2-pango-1.0:amd64	1.52.1+ds-1build1
gir1.2-polkit-1.0	124-2ubuntu1.24.04.4
gir1.2-rsvg-2.0:amd64	2.58.0+dfsg-1build1
gir1.2-soup-3.0:amd64	3.4.4-5ubuntu0.8
gir1.2-upowerglib-1.0:amd64	1.90.3-1
gir1.2-vte-2.91:amd64	0.76.0-1ubuntu0.1
gir1.2-webkit-6.0:amd64	2.52.6-0ubuntu0.24.04.1
gir1.2-wnck-3.0:amd64	43.0-3build4
glib-networking:amd64	2.80.0-1build1
glib-networking-common	2.80.0-1build1
glib-networking-services	2.80.0-1build1
gnome-bluetooth-3-common	46.0-1ubuntu1
gnome-control-center	1:46.7-0ubuntu0.24.04.6
gnome-control-center-data	1:46.7-0ubuntu0.24.04.6
gnome-desktop3-data	44.0-5build2
gnome-screenshot	41.0-2build2
gnome-session	46.0-1ubuntu4
gnome-session-bin	46.0-1ubuntu4
gnome-session-common	46.0-1ubuntu4
gnome-settings-daemon	46.0-1ubuntu1.24.04.1
gnome-settings-daemon-common	46.0-1ubuntu1.24.04.1
gnome-shell	46.0-0ubuntu6~24.04.15
gnome-shell-common	46.0-0ubuntu6~24.04.15
gnome-terminal	3.52.0-1ubuntu2
gnome-terminal-data	3.52.0-1ubuntu2
gnupg	2.4.4-2ubuntu17.6
gnupg-utils	2.4.4-2ubuntu17.6
gpg	2.4.4-2ubuntu17.6
gpg-agent	2.4.4-2ubuntu17.6
gpgconf	2.4.4-2ubuntu17.6
gpgsm	2.4.4-2ubuntu17.6
gpgv	2.4.4-2ubuntu17.6
grep	3.11-4build1
groff-base	1.23.0-3build2
grub-common	2.12-1ubuntu7.3
grub-efi-amd64	2.12-1ubuntu7.3
grub-efi-amd64-bin	2.12-1ubuntu7.3
grub-efi-amd64-signed	1.202.5+2.12-1ubuntu7.3
grub2-common	2.12-1ubuntu7.3
gsettings-desktop-schemas	46.1-0ubuntu1
gstreamer1.0-pipewire:amd64	1.0.5-1ubuntu3.3
gstreamer1.0-plugins-base:amd64	1.24.2-1ubuntu0.5
gstreamer1.0-plugins-good:amd64	1.24.2-1ubuntu1.8
gtk-update-icon-cache	3.24.41-4ubuntu1.3
gvfs:amd64	1.54.4-0ubuntu1~24.04.4
gvfs-common	1.54.4-0ubuntu1~24.04.4
gvfs-daemons	1.54.4-0ubuntu1~24.04.4
gvfs-libs:amd64	1.54.4-0ubuntu1~24.04.4
gzip	1.12-1ubuntu3.2
heif-gdk-pixbuf:amd64	1.17.6-1ubuntu4.9
heif-thumbnailer	1.17.6-1ubuntu4.9
hicolor-icon-theme	0.17-2
hostname	3.23+nmu2ubuntu2
humanity-icon-theme	0.6.16
hunspell-en-us	1:2020.12.07-2
init	1.66ubuntu1
init-system-helpers	1.66ubuntu1
initramfs-tools	0.142ubuntu25.8
initramfs-tools-bin	0.142ubuntu25.8
initramfs-tools-core	0.142ubuntu25.8
iproute2	6.1.0-1ubuntu6.4
iputils-ping	3:20240117-1ubuntu0.1
iso-codes	4.16.0-1
kbd	2.6.4-2ubuntu2
keyboard-configuration	1.226ubuntu1.1
keyboxd	2.4.4-2ubuntu17.6
klibc-utils	2.0.13-4ubuntu0.2
kmod	31+20240202-2ubuntu7.2
krb5-locales	1.20.1-6ubuntu2.10
language-pack-en	1:24.04+20260905
language-pack-en-base	1:24.04+20260905
language-selector-common	0.225
language-selector-gnome	0.225
less	590-2ubuntu2.1
libaa1:amd64	1.4p5-51.1
libaccountsservice0:amd64	23.13.9-2ubuntu6.1
libacl1:amd64	2.3.2-1build1.1
libadwaita-1-0:amd64	1.5.0-1ubuntu2
libao-common	1.2.2+20180113-1.1ubuntu4
libao4:amd64	1.2.2+20180113-1.1ubuntu4
libaom3:amd64	3.8.2-2ubuntu0.2
libapparmor1:amd64	4.0.1really4.0.1-0ubuntu0.24.04.8
libappstream5:amd64	1.0.2-1build6
libapt-pkg6.0t64:amd64	2.8.3
libarchive13t64:amd64	3.7.2-2ubuntu0.8
libargon2-1:amd64	0~20190702+dfsg-4build1
libasound2-data	1.2.11-1ubuntu0.3
libasound2t64:amd64	1.2.11-1ubuntu0.3
libaspell15:amd64	0.60.8.1-1build1
libassuan0:amd64	2.5.6-1build1
libasyncns0:amd64	0.8-6build4
libatasmart4:amd64	0.19-5build3
libatk-bridge2.0-0t64:amd64	2.52.0-1build1
libatk1.0-0t64:amd64	2.52.0-1build1
libatm1t64:amd64	1:2.5.1-5.1build1
libatomic1:amd64	14.2.0-4ubuntu2~24.04.1
libatspi2.0-0t64:amd64	2.52.0-1build1
libattr1:amd64	1:2.5.2-1ubuntu0.1
libaudit-common	1:3.1.2-2.1ubuntu0.1
libaudit1:amd64	1:3.1.2-2.1ubuntu0.1
libavahi-client3:amd64	0.8-13ubuntu6.2
libavahi-common-data:amd64	0.8-13ubuntu6.2
libavahi-common3:amd64	0.8-13ubuntu6.2
libavahi-glib1:amd64	0.8-13ubuntu6.2
libavc1394-0:amd64	0.5.4-5build3
libblkid1:amd64	2.39.3-9ubuntu6.6
libblockdev-crypto3:amd64	3.1.1-1ubuntu0.1
libblockdev-fs3:amd64	3.1.1-1ubuntu0.1
libblockdev-loop3:amd64	3.1.1-1ubuntu0.1
libblockdev-mdraid3:amd64	3.1.1-1ubuntu0.1
libblockdev-nvme3:amd64	3.1.1-1ubuntu0.1
libblockdev-part3:amd64	3.1.1-1ubuntu0.1
libblockdev-swap3:amd64	3.1.1-1ubuntu0.1
libblockdev-utils3:amd64	3.1.1-1ubuntu0.1
libblockdev3:amd64	3.1.1-1ubuntu0.1
libbluetooth3:amd64	5.72-0ubuntu5.5
libbpf1:amd64	1:1.3.0-2build2
libbrlapi0.8:amd64	6.6-4ubuntu5
libbrotli1:amd64	1.1.0-2build2
libbsd0:amd64	0.12.1-1build1.1
libbytesize-common	2.10-1ubuntu2
libbytesize1:amd64	2.10-1ubuntu2
libbz2-1.0:amd64	1.0.8-5.1ubuntu0.1
libc-bin	2.39-0ubuntu8.9
libc6:amd64	2.39-0ubuntu8.9
libcaca0:amd64	0.99.beta20-4ubuntu0.2
libcairo-gobject2:amd64	1.18.0-3build1
libcairo-script-interpreter2:amd64	1.18.0-3build1
libcairo2:amd64	1.18.0-3build1
libcamel-1.2-64t64:amd64	3.52.3-0ubuntu1.2
libcanberra-gtk3-0t64:amd64	0.30-10ubuntu10
libcanberra0t64:amd64	0.30-10ubuntu10
libcap-ng0:amd64	0.8.4-2build2
libcap2:amd64	1:2.66-5ubuntu2.4
libcap2-bin	1:2.66-5ubuntu2.4
libcbor0.10:amd64	0.10.2-1.2ubuntu2
libcdparanoia0:amd64	3.10.2+debian-14build3
libcolord-gtk4-1t64:amd64	0.3.1-1build2
libcolord2:amd64	1.4.7-1build2
libcolorhug2:amd64	1.4.7-1build2
libcom-err2:amd64	1.47.0-2.4~exp1ubuntu4.1
libcrack2:amd64	2.9.6-5.1build2
libcrypt1:amd64	1:4.4.36-4build1
libcryptsetup12:amd64	2:2.7.0-1ubuntu4.2
libcue2:amd64	2.2.1-4.1build1
libcups2t64:amd64	2.4.7-1.2ubuntu7.14
libcurl3t64-gnutls:amd64	8.5.0-2ubuntu10.15
libcurl4t64:amd64	8.5.0-2ubuntu10.15
libdatrie1:amd64	0.2.13-3build1
libdb5.3t64:amd64	5.3.28+dfsg2-7
libdbus-1-3:amd64	1.14.10-4ubuntu4.1
libdbusmenu-glib4:amd64	18.10.20180917~bzr492+repack1-3.1ubuntu5
libdconf1:amd64	0.40.0-4ubuntu0.1
libdebconfclient0:amd64	0.271ubuntu3
libdecor-0-0:amd64	0.2.2-1build2
libdee-1.0-4:amd64	1.2.7+17.10.20170616-7build5
libdeflate0:amd64	1.19-1build1.1
libdevmapper1.02.1:amd64	2:1.02.185-3ubuntu3.2
libdotconf0:amd64	1.3-0.3fakesync1build3
libdrm-amdgpu1:amd64	2.4.125-1ubuntu0.1~24.04.2
libdrm-common	2.4.125-1ubuntu0.1~24.04.2
libdrm-intel1:amd64	2.4.125-1ubuntu0.1~24.04.2
libdrm2:amd64	2.4.125-1ubuntu0.1~24.04.2
libduktape207:amd64	2.7.0+tests-0ubuntu3
libdv4t64:amd64	1.0.0-17.1build1
libdw1t64:amd64	0.190-1.1ubuntu0.1
libecal-2.0-3:amd64	3.52.3-0ubuntu1.2
libedataserver-1.2-27t64:amd64	3.52.3-0ubuntu1.2
libedit2:amd64	3.1-20230828-1build1
libefiboot1t64:amd64	38-3.1build1
libefivar1t64:amd64	38-3.1build1
libegl-mesa0:amd64	25.2.8-0ubuntu0.24.04.4
libegl1:amd64	1.7.0-1build1
libeis1:amd64	1.2.1-1
libelf1t64:amd64	0.190-1.1ubuntu0.1
libenchant-2-2:amd64	2.3.3-2build2
libepoxy0:amd64	1.5.10-1build1
libespeak-ng1:amd64	1.51+dfsg-12build1
libestr0:amd64	0.1.11-1build1
libevdev2:amd64	1.13.1+dfsg-1build1
libexempi8:amd64	2.6.5-1build1
libexif12:amd64	0.6.24-1ubuntu0.24.04.1
libexiv2-27:amd64	0.27.6-1ubuntu0.3
libexpat1:amd64	2.6.1-2ubuntu0.6
libext2fs2t64:amd64	1.47.0-2.4~exp1ubuntu4.1
libfastjson4:amd64	1.2304.0-1build1
libfdisk1:amd64	2.39.3-9ubuntu6.6
libffi8:amd64	3.4.6-1build1
libfido2-1:amd64	1.14.0-1build3
libflac12t64:amd64	1.4.3+ds-2.1ubuntu2
libfontconfig1:amd64	2.15.0-1.1ubuntu2
libfontenc1:amd64	1:1.1.8-1build1
libfreeaptx0:amd64	0.1.1-2build1
libfreetype6:amd64	2.13.2+dfsg-1ubuntu0.1
libfribidi0:amd64	1.0.13-3build1
libfuse3-3:amd64	3.14.0-5build1
libgbm1:amd64	25.2.8-0ubuntu0.24.04.4
libgcc-s1:amd64	14.2.0-4ubuntu2~24.04.1
libgck-2-2:amd64	4.2.0-5
libgcr-4-4:amd64	4.2.0-5
libgcrypt20:amd64	1.10.3-2ubuntu0.2
libgd3:amd64	2.3.3-9ubuntu5
libgdbm-compat4t64:amd64	1.23-5.1build1
libgdbm6t64:amd64	1.23-5.1build1
libgdk-pixbuf-2.0-0:amd64	2.42.10+dfsg-3ubuntu3.3
libgdk-pixbuf2.0-common	2.42.10+dfsg-3ubuntu3.3
libgdm1	46.2-1ubuntu1~24.04.9
libgeoclue-2-0:amd64	2.7.0-3ubuntu7
libgeocode-glib-2-0:amd64	3.26.3-6build3
libgexiv2-2:amd64	0.14.2-2build3
libgif7:amd64	5.2.2-1ubuntu1.2
libgirepository-1.0-1:amd64	1.80.1-1
libgjs0g:amd64	1.80.2-1build2
libgl1:amd64	1.7.0-1build1
libgl1-mesa-dri:amd64	25.2.8-0ubuntu0.24.04.4
libgles2:amd64	1.7.0-1build1
libglib2.0-0t64:amd64	2.80.0-6ubuntu3.9
libglib2.0-bin	2.80.0-6ubuntu3.9
libglib2.0-data	2.80.0-6ubuntu3.9
libglvnd0:amd64	1.7.0-1build1
libglx-mesa0:amd64	25.2.8-0ubuntu0.24.04.4
libglx0:amd64	1.7.0-1build1
libgmp10:amd64	2:6.3.0+dfsg-2ubuntu6.1
libgnome-autoar-0-0:amd64	0.4.4-2build4
libgnome-bg-4-2t64:amd64	44.0-5build2
libgnome-bluetooth-3.0-13:amd64	46.0-1ubuntu1
libgnome-bluetooth-ui-3.0-13:amd64	46.0-1ubuntu1
libgnome-desktop-3-20t64:amd64	44.0-5build2
libgnome-desktop-4-2t64:amd64	44.0-5build2
libgnome-rr-4-2t64:amd64	44.0-5build2
libgnutls30t64:amd64	3.8.3-1.1ubuntu3.6
libgoa-1.0-0b:amd64	3.50.4-0ubuntu2
libgoa-1.0-common	3.50.4-0ubuntu2
libgoa-backend-1.0-2:amd64	3.50.4-0ubuntu2
libgomp1:amd64	14.2.0-4ubuntu2~24.04.1
libgpg-error0:amd64	1.47-3build2.1
libgpgme11t64:amd64	1.18.0-4.1ubuntu4
libgphoto2-6t64:amd64	2.5.31-2.1ubuntu1.1
libgphoto2-port12t64:amd64	2.5.31-2.1ubuntu1.1
libgpm2:amd64	1.20.7-11
libgraphene-1.0-0:amd64	1.10.8-3build2
libgraphite2-3:amd64	1.3.14-2ubuntu0.24.04.1
libgsf-1-114:amd64	1.14.51-2ubuntu0.1
libgsf-1-common	1.14.51-2ubuntu0.1
libgsound0t64:amd64	1.0.3-3.2build2
libgssapi-krb5-2:amd64	1.20.1-6ubuntu2.10
libgstreamer-gl1.0-0:amd64	1.24.2-1ubuntu0.5
libgstreamer-plugins-base1.0-0:amd64	1.24.2-1ubuntu0.5
libgstreamer-plugins-good1.0-0:amd64	1.24.2-1ubuntu1.8
libgstreamer1.0-0:amd64	1.24.2-1ubuntu0.1
libgtk-3-0t64:amd64	3.24.41-4ubuntu1.3
libgtk-3-common	3.24.41-4ubuntu1.3
libgtk-4-1:amd64	4.14.5+ds-0ubuntu0.10
libgtk-4-common	4.14.5+ds-0ubuntu0.10
libgtk-4-media-gstreamer	4.14.5+ds-0ubuntu0.10
libgtop-2.0-11:amd64	2.41.3-1ubuntu0.24.04.1
libgtop2-common	2.41.3-1ubuntu0.24.04.1
libgudev-1.0-0:amd64	1:238-5ubuntu1
libgusb2:amd64	0.4.8-1build2
libgweather-4-0t64:amd64	4.4.2-1build1
libgweather-4-common	4.4.2-1build1
libgxps2t64:amd64	0.3.2-4build3
libhandy-1-0:amd64	1.8.3-1build2
libharfbuzz-gobject0:amd64	8.3.0-2build2
libharfbuzz-icu0:amd64	8.3.0-2build2
libharfbuzz0b:amd64	8.3.0-2build2
libheif-plugin-aomdec:amd64	1.17.6-1ubuntu4.9
libheif1:amd64	1.17.6-1ubuntu4.9
libhogweed6t64:amd64	3.9.1-2.2build1.1
libhunspell-1.7-0:amd64	1.7.2+really1.7.2-10build3
libhyphen0:amd64	2.8.8-7build3
libibus-1.0-5:amd64	1.5.29-2
libical3t64:amd64	3.0.17-1.1build3
libice6:amd64	2:1.0.10-1build3
libicu74:amd64	74.2-1ubuntu3.1
libidn2-0:amd64	2.3.7-2build1.1
libiec61883-0:amd64	1.2.0-6build1
libieee1284-3t64:amd64	0.2.11-14.1build1
libimagequant0:amd64	2.18.0-1build1
libimobiledevice6:amd64	1.3.0-8.1build3
libinput-bin	1.25.0-1ubuntu3.7
libinput10:amd64	1.25.0-1ubuntu3.7
libisl23:amd64	0.26-3build1.1
libjansson4:amd64	2.14-2build2
libjavascriptcoregtk-6.0-1:amd64	2.52.6-0ubuntu0.24.04.1
libjbig0:amd64	2.1-6.1ubuntu2
libjpeg-turbo8:amd64	2.1.5-2ubuntu2
libjpeg8:amd64	8c-2ubuntu11
libjson-c5:amd64	0.17-1build1
libjson-glib-1.0-0:amd64	1.8.0-2build2
libjson-glib-1.0-common	1.8.0-2build2
libk5crypto3:amd64	1.20.1-6ubuntu2.10
libkeyutils1:amd64	1.6.3-3build1
libklibc:amd64	2.0.13-4ubuntu0.2
libkmod2:amd64	31+20240202-2ubuntu7.2
libkrb5-3:amd64	1.20.1-6ubuntu2.10
libkrb5support0:amd64	1.20.1-6ubuntu2.10
libksba8:amd64	1.6.6-1build1
liblc3-1:amd64	1.0.4-3build1
liblcms2-2:amd64	2.14-2ubuntu0.1
libldacbt-abr2:amd64	2.0.2.3+git20200429+ed310a0-4ubuntu2
libldacbt-enc2:amd64	2.0.2.3+git20200429+ed310a0-4ubuntu2
libldap-common	2.6.10+dfsg-0ubuntu0.24.04.1
libldap2:amd64	2.6.10+dfsg-0ubuntu0.24.04.1
libldb2:amd64	2:2.8.0+samba4.19.5+dfsg-4ubuntu9.7
liblerc4:amd64	4.0.0+ds-4ubuntu2
libllvm20:amd64	1:20.1.2-0ubuntu1~24.04.3
liblmdb0:amd64	0.9.31-1build1
liblocale-gettext-perl	1.07-6ubuntu5
liblouis-data	3.29.0-1build1
liblouis20:amd64	3.29.0-1build1
libltdl7:amd64	2.4.7-7build1
liblua5.4-0:amd64	5.4.6-3build2
liblz4-1:amd64	1.9.4-1build1.1
liblzma5:amd64	5.6.1+really5.4.5-1ubuntu0.3
liblzo2-2:amd64	2.10-2build4
libmalcontent-0-0:amd64	0.11.1-1ubuntu1.3
libmanette-0.2-0:amd64	0.2.7-1build2
libmd0:amd64	1.1.0-2build1.1
libmm-glib0:amd64	1.23.4-0ubuntu2
libmnl0:amd64	1.0.5-2build1
libmount1:amd64	2.39.3-9ubuntu6.6
libmozjs-115-0t64:amd64	115.10.0-1
libmp3lame0:amd64	3.100-6build1
libmpc3:amd64	1.3.1-1build1.1
libmpfr6:amd64	4.2.1-1build1.1
libmpg123-0t64:amd64	1.32.5-1ubuntu1.1
libmtdev1t64:amd64	1.1.6-1.1build1
libmutter-14-0:amd64	46.2-1ubuntu0.24.04.16
libnautilus-extension4:amd64	1:46.4-0ubuntu0.2
libncurses6:amd64	6.4+20240113-1ubuntu2.2
libncursesw6:amd64	6.4+20240113-1ubuntu2.2
libnetplan1:amd64	1.1.2-8ubuntu1~24.04.3
libnettle8t64:amd64	3.9.1-2.2build1.1
libnewt0.52:amd64	0.52.24-2ubuntu2
libnghttp2-14:amd64	1.59.0-1ubuntu0.4
libnm0:amd64	1.46.0-1ubuntu2.8
libnma-common	1.10.6-3build2
libnma-gtk4-0:amd64	1.10.6-3build2
libnotify4:amd64	0.8.3-1build2
libnpth0t64:amd64	1.6-3.1build1
libnspr4:amd64	2:4.35-1.1build1
libnss-systemd:amd64	255.4-1ubuntu8.17
libnss3:amd64	2:3.98-1ubuntu0.2
libnvme1t64	1.8-3ubuntu1
libogg0:amd64	1.3.5-3build1
libopenjp2-7:amd64	2.5.0-2ubuntu0.5
libopus0:amd64	1.4-1build1
liborc-0.4-0t64:amd64	1:0.4.38-1ubuntu0.1
libp11-kit0:amd64	0.25.3-4ubuntu2.2
libpackagekit-glib2-18:amd64	1.2.8-2ubuntu1.5
libpam-cap:amd64	1:2.66-5ubuntu2.4
libpam-modules:amd64	1.5.3-5ubuntu5.7
libpam-modules-bin	1.5.3-5ubuntu5.7
libpam-runtime	1.5.3-5ubuntu5.7
libpam-systemd:amd64	255.4-1ubuntu8.17
libpam0g:amd64	1.5.3-5ubuntu5.7
libpango-1.0-0:amd64	1.52.1+ds-1build1
libpangocairo-1.0-0:amd64	1.52.1+ds-1build1
libpangoft2-1.0-0:amd64	1.52.1+ds-1build1
libpangoxft-1.0-0:amd64	1.52.1+ds-1build1
libparted2t64:amd64	3.6-4build1
libpcaudio0:amd64	1.2-2build3
libpci3:amd64	1:3.10.0-2build1
libpciaccess0:amd64	0.17-3ubuntu0.24.04.3
libpcre2-8-0:amd64	10.42-4ubuntu2.1
libperl5.38t64:amd64	5.38.2-3.2ubuntu0.6
libpipewire-0.3-0t64:amd64	1.0.5-1ubuntu3.3
libpipewire-0.3-modules:amd64	1.0.5-1ubuntu3.3
libpixman-1-0:amd64	0.42.2-1build1
libplist-2.0-4:amd64	2.3.0-1~exp2build2
libpng16-16t64:amd64	1.6.43-5ubuntu0.6
libpolkit-agent-1-0:amd64	124-2ubuntu1.24.04.4
libpolkit-gobject-1-0:amd64	124-2ubuntu1.24.04.4
libpoppler-glib8t64:amd64	24.02.0-1ubuntu9.9
libpoppler134:amd64	24.02.0-1ubuntu9.9
libpopt0:amd64	1.19+dfsg-1build1
libportal-gtk4-1:amd64	0.7.1-5build5
libportal1:amd64	0.7.1-5build5
libproc2-0:amd64	2:4.0.4-4ubuntu3.3
libproxy1v5:amd64	0.5.4-4build1
libpsl5t64:amd64	0.21.2-1.1build1
libpulse-mainloop-glib0:amd64	1:16.1+dfsg1-2ubuntu10.1
libpulse0:amd64	1:16.1+dfsg1-2ubuntu10.1
libpwquality-common	1.4.5-3build1
libpwquality1:amd64	1.4.5-3build1
libpython3-stdlib:amd64	3.12.3-0ubuntu2.1
libpython3.12-minimal:amd64	3.12.3-1ubuntu0.17
libpython3.12-stdlib:amd64	3.12.3-1ubuntu0.17
libpython3.12t64:amd64	3.12.3-1ubuntu0.17
libraqm0:amd64	0.10.1-1build1
libraw1394-11:amd64	2.1.2-2build3
libreadline8t64:amd64	8.2-4build1
librest-1.0-0:amd64	0.9.1-6build3
libroc0.3:amd64	0.3.0+dfsg-7ubuntu2
librsvg2-2:amd64	2.58.0+dfsg-1build1
librsvg2-common:amd64	2.58.0+dfsg-1build1
librtmp1:amd64	2.4+20151223.gitfa8646d.1-2build7
libsane-common	1.2.1-7build4
libsane1:amd64	1.2.1-7build4
libsasl2-2:amd64	2.1.28+dfsg1-5ubuntu3.1
libsasl2-modules:amd64	2.1.28+dfsg1-5ubuntu3.1
libsasl2-modules-db:amd64	2.1.28+dfsg1-5ubuntu3.1
libsbc1:amd64	2.0-1build1
libseccomp2:amd64	2.5.5-1ubuntu3.1
libsecret-1-0:amd64	0.21.4-1build3
libsecret-common	0.21.4-1build3
libselinux1:amd64	3.5-2ubuntu2.1
libsemanage-common	3.5-1build5
libsemanage2:amd64	3.5-1build5
libsensors-config	1:3.6.0-9build1
libsensors5:amd64	1:3.6.0-9build1
libsepol2:amd64	3.5-2build1
libsharpyuv0:amd64	1.3.2-0.4build3
libshout3:amd64	2.4.6-1build2
libslang2:amd64	2.3.3-3build2
libsm6:amd64	2:1.2.3-1build3
libsmartcols1:amd64	2.39.3-9ubuntu6.6
libsmbclient0:amd64	2:4.19.5+dfsg-4ubuntu9.7
libsnapd-glib-2-1:amd64	1.64-0ubuntu5
libsndfile1:amd64	1.2.2-1ubuntu5.24.04.1
libsnmp-base	5.9.4+dfsg-1.1ubuntu3.2
libsnmp40t64:amd64	5.9.4+dfsg-1.1ubuntu3.2
libsodium23:amd64	1.0.18-1ubuntu0.24.04.1
libsonic0:amd64	0.2.0-13build1
libsoup-3.0-0:amd64	3.4.4-5ubuntu0.8
libsoup-3.0-common	3.4.4-5ubuntu0.8
libspa-0.2-bluetooth:amd64	1.0.5-1ubuntu3.3
libspa-0.2-modules:amd64	1.0.5-1ubuntu3.3
libspeechd2:amd64	0.12.0~rc2-2build3
libspeex1:amd64	1.2.1-2ubuntu2.24.04.1
libspeexdsp1:amd64	1.2.1-1ubuntu3
libsqlite3-0:amd64	3.45.1-1ubuntu2.8
libss2:amd64	1.47.0-2.4~exp1ubuntu4.1
libssh-4:amd64	0.10.6-2ubuntu0.5
libssl3t64:amd64	3.0.13-0ubuntu3.16
libstartup-notification0:amd64	0.12-6build3
libstdc++6:amd64	14.2.0-4ubuntu2~24.04.1
libstemmer0d:amd64	2.2.0-4build1
libsystemd-shared:amd64	255.4-1ubuntu8.17
libsystemd0:amd64	255.4-1ubuntu8.17
libtag1v5:amd64	1.13.1-1build1
libtag1v5-vanilla:amd64	1.13.1-1build1
libtalloc2:amd64	2.4.2-1build2
libtasn1-6:amd64	4.19.0-3ubuntu0.24.04.2
libtdb1:amd64	1.4.10-1build1
libtevent0t64:amd64	0.16.1-2build1
libtext-charwidth-perl:amd64	0.04-11build3
libtext-iconv-perl:amd64	1.7-8build3
libtext-wrapi18n-perl	0.06-10
libthai-data	0.1.29-2build1
libthai0:amd64	0.1.29-2build1
libtheora0:amd64	1.1.1+dfsg.1-16.1build3
libtiff6:amd64	4.5.1+git230720-4ubuntu2.5
libtinfo6:amd64	6.4+20240113-1ubuntu2.2
libtirpc-common	1.3.4+ds-1.1build1
libtirpc3t64:amd64	1.3.4+ds-1.1build1
libtotem-plparser-common	3.26.6-1build5
libtotem-plparser18:amd64	3.26.6-1build5
libtracker-sparql-3.0-0:amd64	3.7.1-1build1
libtwolame0:amd64	0.4.0-2build3
libuchardet0:amd64	0.0.8-1build1
libudev1:amd64	255.4-1ubuntu8.17
libudisks2-0:amd64	2.10.1-6ubuntu1.5
libunistring5:amd64	1.1-2build1.1
libunity-protocol-private0:amd64	7.1.4+19.04.20190319-6build4
libunity-scopes-json-def-desktop	7.1.4+19.04.20190319-6build4
libunity9:amd64	7.1.4+19.04.20190319-6build4
libunwind8:amd64	1.6.2-3build1.1
libupower-glib3:amd64	1.90.3-1
libusb-1.0-0:amd64	2:1.0.27-1
libusbmuxd6:amd64	2.0.2-4build3
libuuid1:amd64	2.39.3-9ubuntu6.6
libuv1t64:amd64	1.48.0-1.1build1
libv4l-0t64:amd64	1.26.1-4build3
libv4lconvert0t64:amd64	1.26.1-4build3
libvisual-0.4-0:amd64	0.4.2-2build1
libvolume-key1:amd64	0.3.12-7build2
libvorbis0a:amd64	1.3.7-1build3
libvorbisenc2:amd64	1.3.7-1build3
libvorbisfile3:amd64	1.3.7-1build3
libvpx9:amd64	1.14.0-1ubuntu2.3
libvte-2.91-0:amd64	0.76.0-1ubuntu0.1
libvte-2.91-common	0.76.0-1ubuntu0.1
libvulkan1:amd64	1.3.275.0-1build1
libwacom-common	2.10.0-2
libwacom9:amd64	2.10.0-2
libwavpack1:amd64	5.6.0-1build1
libwayland-client0:amd64	1.22.0-2.1build1
libwayland-cursor0:amd64	1.22.0-2.1build1
libwayland-egl1:amd64	1.22.0-2.1build1
libwayland-server0:amd64	1.22.0-2.1build1
libwbclient0:amd64	2:4.19.5+dfsg-4ubuntu9.7
libwebkitgtk-6.0-4:amd64	2.52.6-0ubuntu0.24.04.1
libwebp7:amd64	1.3.2-0.4build3
libwebpdemux2:amd64	1.3.2-0.4build3
libwebpmux3:amd64	1.3.2-0.4build3
libwebrtc-audio-processing1:amd64	0.3.1-0ubuntu6
libwhoopsie-preferences0	23build3
libwhoopsie0:amd64	0.2.77ubuntu0.1
libwireplumber-0.4-0:amd64	0.4.17-1ubuntu4.1
libwnck-3-0:amd64	43.0-3build4
libwnck-3-common	43.0-3build4
libwrap0:amd64	7.6.q-33
libx11-6:amd64	2:1.8.7-1build1
libx11-data	2:1.8.7-1build1
libx11-xcb1:amd64	2:1.8.7-1build1
libxau6:amd64	1:1.0.9-1build6
libxaw7:amd64	2:1.0.14-1build2
libxcb-dri3-0:amd64	1.15-1ubuntu2
libxcb-glx0:amd64	1.15-1ubuntu2
libxcb-present0:amd64	1.15-1ubuntu2
libxcb-randr0:amd64	1.15-1ubuntu2
libxcb-render0:amd64	1.15-1ubuntu2
libxcb-res0:amd64	1.15-1ubuntu2
libxcb-shm0:amd64	1.15-1ubuntu2
libxcb-sync1:amd64	1.15-1ubuntu2
libxcb-util1:amd64	0.4.0-1build3
libxcb-xfixes0:amd64	1.15-1ubuntu2
libxcb-xkb1:amd64	1.15-1ubuntu2
libxcb1:amd64	1.15-1ubuntu2
libxcomposite1:amd64	1:0.4.5-1build3
libxcursor1:amd64	1:1.2.1-1build1
libxcvt0:amd64	0.1.2-1build1
libxdamage1:amd64	1:1.1.6-1build1
libxdmcp6:amd64	1:1.1.3-0ubuntu6
libxext6:amd64	2:1.3.4-1build2
libxfixes3:amd64	1:6.0.0-2build1
libxfont2:amd64	1:2.0.6-1+deb13u1build0.24.04.2
libxft2:amd64	2.3.6-1build1
libxi6:amd64	2:1.8.1-1build1
libxinerama1:amd64	2:1.1.4-3build1
libxkbcommon-x11-0:amd64	1.6.0-1build1
libxkbcommon0:amd64	1.6.0-1build1
libxkbfile1:amd64	1:1.1.0-1build4
libxkbregistry0:amd64	1.6.0-1build1
libxml2:amd64	2.9.14+dfsg-1.3ubuntu3.9
libxmlb2:amd64	0.3.24-1~ubuntu0.24.04.1
libxmu6:amd64	2:1.1.3-3build2
libxmuu1:amd64	2:1.1.3-3build2
libxpm4:amd64	1:3.5.17-1ubuntu0.24.04.2
libxrandr2:amd64	2:1.5.2-2build1
libxrender1:amd64	1:0.9.10-1.1build1
libxres1:amd64	2:1.2.1-1build1
libxshmfence1:amd64	1.3-1build5
libxslt1.1:amd64	1.1.39-0exp1ubuntu0.24.04.3
libxt6t64:amd64	1:1.2.1-1.2build1
libxtables12:amd64	1.8.10-3ubuntu2
libxtst6:amd64	2:1.2.3-1.1build1
libxxf86vm1:amd64	1:1.1.4-1build4
libxxhash0:amd64	0.8.2-2build1
libyaml-0-2:amd64	0.2.5-1build1
libzstd1:amd64	1.5.5+dfsg2-2build1.1
linux-base	4.5ubuntu9+24.04.2
linux-image-6.8.0-146-generic	6.8.0-146.146
linux-image-virtual	6.8.0-146.146
linux-modules-6.8.0-146-generic	6.8.0-146.146
locales	2.39-0ubuntu8.9
login	1:4.13+dfsg1-4ubuntu3.2
logrotate	3.21.0-2build1
logsave	1.47.0-2.4~exp1ubuntu4.1
lsb-release	12.0-2
lsof	4.95.0-1build3
mawk	1.3.4.20240123-1build1
media-types	10.1.0
mesa-libgallium:amd64	25.2.8-0ubuntu0.24.04.4
mesa-utils	9.0.0-2
mesa-utils-bin:amd64	9.0.0-2
mokutil	0.6.0-2build3
mount	2.39.3-9ubuntu6.6
mutter-common	46.2-1ubuntu0.24.04.16
mutter-common-bin	46.2-1ubuntu0.24.04.16
nautilus	1:46.4-0ubuntu0.2
nautilus-data	1:46.4-0ubuntu0.2
ncurses-base	6.4+20240113-1ubuntu2.2
ncurses-bin	6.4+20240113-1ubuntu2.2
netbase	6.4
netcat-openbsd	1.226-1ubuntu2
netplan-generator	1.1.2-8ubuntu1~24.04.3
netplan.io	1.1.2-8ubuntu1~24.04.3
networkd-dispatcher	2.2.4-1
openssh-client	1:9.6p1-3ubuntu13.19
openssl	3.0.13-0ubuntu3.16
orca	46.1-1ubuntu1
parted	3.6-4build1
passwd	1:4.13+dfsg1-4ubuntu3.2
pci.ids	0.0~2024.03.31-1ubuntu0.1
perl-base	5.38.2-3.2ubuntu0.6
perl-modules-5.38	5.38.2-3.2ubuntu0.6
pinentry-curses	1.2.1-3ubuntu5
pipewire:amd64	1.0.5-1ubuntu3.3
pipewire-alsa:amd64	1.0.5-1ubuntu3.3
pipewire-audio	1.0.5-1ubuntu3.3
pipewire-bin	1.0.5-1ubuntu3.3
pipewire-pulse	1.0.5-1ubuntu3.3
pkexec	124-2ubuntu1.24.04.4
policykit-1	124-2ubuntu1.24.04.4
polkitd	124-2ubuntu1.24.04.4
procps	2:4.0.4-4ubuntu3.3
publicsuffix	20231001.0357-0.1
python-apt-common	2.7.7ubuntu5.3
python3	3.12.3-0ubuntu2.1
python3-apt	2.7.7ubuntu5.3
python3-aptdaemon	1.1.1+bzr982-0ubuntu44
python3-aptdaemon.gtk3widgets	1.1.1+bzr982-0ubuntu44
python3-brlapi:amd64	6.6-4ubuntu5
python3-cairo	1.25.1-2build2
python3-cffi-backend:amd64	1.16.0-2build1
python3-dbus	1.3.2-5build3
python3-defer	1.0.6-2.1ubuntu1
python3-gi	3.48.2-1
python3-louis	3.29.0-1build1
python3-markdown-it	3.0.0-2
python3-mdurl	0.1.2-1
python3-minimal	3.12.3-0ubuntu2.1
python3-netifaces:amd64	0.11.0-2build3
python3-netplan	1.1.2-8ubuntu1~24.04.3
python3-pil:amd64	10.2.0-1ubuntu1.3
python3-pkg-resources	68.1.2-2ubuntu1.2
python3-pygments	2.17.2+dfsg-1
python3-rich	13.7.1-1
python3-speechd	0.12.0~rc2-2build3
python3-typing-extensions	4.10.0-1
python3-xdg	0.28-2
python3-yaml	6.0.1-2build2
python3.12	3.12.3-1ubuntu0.17
python3.12-minimal	3.12.3-1ubuntu0.17
readline-common	8.2-4build1
rsyslog	8.2312.0-3ubuntu9.4
samba-libs:amd64	2:4.19.5+dfsg-4ubuntu9.7
sbsigntool	0.9.4-3.1ubuntu7
secureboot-db	1.9build1
sed	4.9-2ubuntu0.24.04.1
sensible-utils	0.0.22
session-migration	0.3.9build1
sgml-base	1.31
shared-mime-info	2.4-4
shim-signed	1.58+15.8-0ubuntu1
sound-theme-freedesktop	0.8-2ubuntu1
speech-dispatcher	0.12.0~rc2-2build3
speech-dispatcher-audio-plugins:amd64	0.12.0~rc2-2build3
speech-dispatcher-espeak-ng	0.12.0~rc2-2build3
sudo	1.9.15p5-3ubuntu5.24.04.3
systemd	255.4-1ubuntu8.17
systemd-dev	255.4-1ubuntu8.17
systemd-hwe-hwdb	255.1.7
systemd-resolved	255.4-1ubuntu8.17
systemd-sysv	255.4-1ubuntu8.17
systemd-timesyncd	255.4-1ubuntu8.17
sysvinit-utils	3.08-6ubuntu3
tar	1.35+dfsg-3ubuntu0.4
tecla	46.0-1ubuntu0.1
tracker	3.7.1-1build1
tracker-extract	3.7.1-1ubuntu0.1
tracker-miner-fs	3.7.1-1ubuntu0.1
tzdata	2026c-0ubuntu0.24.04.1
ubuntu-keyring	2023.11.28.1
ubuntu-minimal	1.539.2
ubuntu-mono	24.04-0ubuntu1
ubuntu-pro-client	37.2ubuntu~24.04.1
ubuntu-pro-client-l10n	37.2ubuntu~24.04.1
ubuntu-wallpapers	24.04.2
ubuntu-wallpapers-noble	24.04.2
ucf	3.0043+nmu1
udev	255.4-1ubuntu8.17
udisks2	2.10.1-6ubuntu1.5
upower	1.90.3-1
util-linux	2.39.3-9ubuntu6.6
vim	2:9.1.0016-1ubuntu7.20
vim-common	2:9.1.0016-1ubuntu7.20
vim-runtime	2:9.1.0016-1ubuntu7.20
vim-tiny	2:9.1.0016-1ubuntu7.20
webp-pixbuf-loader:amd64	0.2.4-2build2
whiptail	0.52.24-2ubuntu2
whoopsie-preferences	23build3
wireplumber	0.4.17-1ubuntu4.1
x11-common	1:7.7+23ubuntu3
x11-xkb-utils	7.7+8build2
x11-xserver-utils	7.7+10build2
xauth	1:1.1.2-1build1
xdg-dbus-proxy	0.1.5-1ubuntu0.2
xdg-desktop-portal	1.18.4-1ubuntu2.24.04.3
xdg-desktop-portal-gnome	46.2-0ubuntu1
xdg-desktop-portal-gtk	1.15.1-1build2
xdg-user-dirs	0.18-1build1
xkb-data	2.41-2ubuntu1.1
xml-core	0.19
xserver-common	2:21.1.12-1ubuntu1.8
xwayland	2:23.2.6-1ubuntu0.8
xxd	2:9.1.0016-1ubuntu7.20
zlib1g:amd64	1:1.3.dfsg-3.1ubuntu2.2
zstd	1.5.5+dfsg2-2build1.1
