3cpio	0.14.0-1ubuntu1
adduser	3.153ubuntu1
adwaita-icon-theme	50.0-1
apt	3.2.0
at-spi2-common	2.60.4-0ubuntu0.1
at-spi2-core	2.60.4-0ubuntu0.1
base-files	14ubuntu6.2
base-passwd	3.6.8
bash	5.3-2ubuntu1
bash-completion	1:2.16.0-8build1
binutils	2.46-3ubuntu2
binutils-common:amd64	2.46-3ubuntu2
binutils-x86-64-linux-gnu	2.46-3ubuntu2
bsdutils	1:2.41.3-3ubuntu2.2
bubblewrap	0.11.1-1ubuntu0.3
ca-certificates	20260601~26.04.1
chrony	4.8-2ubuntu1
cloud-guest-utils	0.33-1build1
console-setup	1.237ubuntu3.1
console-setup-linux	1.237ubuntu3.1
coreutils	9.5-1ubuntu2+0.0.0~ubuntu25
coreutils-from-uutils	0.0.0~ubuntu25
cron	3.0pl1-200ubuntu1
cron-daemon-common	3.0pl1-200ubuntu1
curl	8.18.0-1ubuntu2.7
dash	0.5.12-12ubuntu3
dbus	1.16.2-2ubuntu4
dbus-bin	1.16.2-2ubuntu4
dbus-daemon	1.16.2-2ubuntu4
dbus-session-bus-common	1.16.2-2ubuntu4
dbus-system-bus-common	1.16.2-2ubuntu4
dbus-user-session	1.16.2-2ubuntu4
dbus-x11	1.16.2-2ubuntu4
dconf-gsettings-backend:amd64	0.49.0-4
dconf-service	0.49.0-4
debconf	1.5.92
debconf-i18n	1.5.92
debianutils	5.23.2build1
dhcpcd-base	1:10.3.0-7
diffutils	1:3.12-1ubuntu0.1
distro-info	1.15
distro-info-data	0.72-0ubuntu0.26.04.1
dmsetup	2:1.02.205-2ubuntu3
dpkg	1.23.7ubuntu1
dracut	110-11ubuntu0.1
dracut-core	110-11ubuntu0.1
dracut-install	110-11ubuntu0.1
e2fsprogs	1.47.2-3ubuntu4
efibootmgr	18-4ubuntu1
eject	2.41.3-3ubuntu2.2
espeak-ng	1.52.0+dfsg-5build1
espeak-ng-data:amd64	1.52.0+dfsg-5build1
ethtool	1:6.19-1
fdisk	2.41.3-3ubuntu2.2
findutils	4.10.0-3build2
fontconfig	2.17.1-3ubuntu1
fontconfig-config	2.17.1-3ubuntu1
fonts-dejavu-core	2.37-8build1
fonts-dejavu-mono	2.37-8build1
foot	1.25.0-1
fuse3	3.18.2-1
gcc-16-base:amd64	16-20260322-1ubuntu1
gdisk	1.0.10-2build1
gettext-base	0.23.2-1
gir1.2-atk-1.0:amd64	2.60.4-0ubuntu0.1
gir1.2-atspi-2.0:amd64	2.60.4-0ubuntu0.1
gir1.2-freedesktop:amd64	1.86.0-6build1
gir1.2-gdkpixbuf-2.0:amd64	2.44.5+dfsg-4ubuntu1
gir1.2-girepository-3.0:amd64	2.88.0-1ubuntu0.1
gir1.2-glib-2.0:amd64	2.88.0-1ubuntu0.1
gir1.2-gstreamer-1.0:amd64	1.28.2-1
gir1.2-gtk-3.0:amd64	3.24.52-0ubuntu1
gir1.2-harfbuzz-0.0:amd64	12.3.2-2
gir1.2-pango-1.0:amd64	1.57.0-1
gir1.2-wnck-3.0:amd64	43.3-1build1
glib-networking:amd64	2.80.1-1build2
glib-networking-common	2.80.1-1build2
glib-networking-services	2.80.1-1build2
glycin-loaders	2.1.5+ds-0ubuntu0.2
glycin-thumbnailers	2.1.5+ds-0ubuntu0.2
gnu-coreutils	9.7-3ubuntu2.1
gpgv	2.4.8-4ubuntu3.1
grep	3.12-1
grim	1.4.0+ds-2build3
groff-base	1.23.0-10
grub-efi-amd64	2.14-2ubuntu1
grub-efi-amd64-bin	2.14-2ubuntu1
grub-efi-amd64-signed	1.215+2.14-2ubuntu1
grub-efi-amd64-unsigned	2.14-2ubuntu1
grub2-common	2.14-2ubuntu2.1
gsettings-desktop-schemas	50.0-1ubuntu2
gstreamer1.0-plugins-base:amd64	1.28.2-1ubuntu0.1
gstreamer1.0-plugins-good:amd64	1.28.2-2ubuntu0.4
gtk-update-icon-cache	4.22.4+ds-0ubuntu0.1
gzip	1.14-1~exp2ubuntu1.1
hicolor-icon-theme	0.18-2build1
hostname	3.25build1
hyprland	0.53.3+ds-4
init	1.69
init-system-helpers	1.69
iproute2	6.19.0-1ubuntu1.1
iputils-ping	3:20250605-1ubuntu1
iso-codes	4.20.1-1
kbd	2.7.1-2ubuntu2
keyboard-configuration	1.237ubuntu3.1
kmod	34.2-2ubuntu2
krb5-locales	1.22.1-2ubuntu4.1
language-pack-en	1:26.04+20260818
language-pack-en-base	1:26.04+20260818
less	668-1build1
libaa1:amd64	1.4p5-51.1build1
libabsl20260107:amd64	20260107.0-4
libacl1:amd64	2.3.2-2
libao-common	1.2.2+20180113-1.2ubuntu2
libao4:amd64	1.2.2+20180113-1.2ubuntu2
libaom3:amd64	3.13.1-2ubuntu0.1
libapparmor1:amd64	5.0.2-0ubuntu1~26.04.1
libapt-pkg7.0:amd64	3.2.0
libaquamarine9:amd64	0.10.0-2build1
libasound2-data	1.2.15.3-1ubuntu1.1
libasound2t64:amd64	1.2.15.3-1ubuntu1.1
libasyncns0:amd64	0.8-7
libatk-bridge2.0-0t64:amd64	2.60.4-0ubuntu0.1
libatk1.0-0t64:amd64	2.60.4-0ubuntu0.1
libatomic1:amd64	16-20260322-1ubuntu1
libatspi2.0-0t64:amd64	2.60.4-0ubuntu0.1
libattr1:amd64	1:2.5.2-4ubuntu0.1
libaudit-common	1:4.1.2-1ubuntu0.1
libaudit1:amd64	1:4.1.2-1ubuntu0.1
libavahi-client3:amd64	0.8-18ubuntu1.1
libavahi-common-data:amd64	0.8-18ubuntu1.1
libavahi-common3:amd64	0.8-18ubuntu1.1
libavc1394-0:amd64	0.5.4-5build4
libb2-1:amd64	0.98.1-1.1build2
libbinutils:amd64	2.46-3ubuntu2
libblkid1:amd64	2.41.3-3ubuntu2.2
libbpf1:amd64	1:1.6.3-1ubuntu1
libbrlapi0.8:amd64	6.7-1ubuntu6
libbrotli1:amd64	1.2.0-3build1
libbsd0:amd64	0.12.2-2build2
libbz2-1.0:amd64	1.0.8-6ubuntu0.1
libc-bin	2.43-2ubuntu2.4
libc-gconv-modules-extra:amd64	2.43-2ubuntu2.4
libc6:amd64	2.43-2ubuntu2.4
libcaca0:amd64	0.99.beta20-6ubuntu2.1
libcairo-gobject2:amd64	1.18.4-3
libcairo2:amd64	1.18.4-3
libcap-ng0:amd64	0.8.5-4build5
libcap2:amd64	1:2.75-10ubuntu2
libcap2-bin	1:2.75-10ubuntu2
libcbor0.10:amd64	0.10.2-2ubuntu3
libcdparanoia0:amd64	3.10.2+debian-14ubuntu2
libcolord2:amd64	1.4.8-3
libcom-err2:amd64	1.47.2-3ubuntu4
libcrypt1:amd64	1:4.5.1-1
libcryptsetup12:amd64	2:2.8.4-1ubuntu4
libctf-nobfd0:amd64	2.46-3ubuntu2
libctf0:amd64	2.46-3ubuntu2
libcups2t64:amd64	2.4.16-1ubuntu1.3
libcurl3t64-gnutls:amd64	8.18.0-1ubuntu2.7
libcurl4t64:amd64	8.18.0-1ubuntu2.7
libdatrie1:amd64	0.2.14-1
libdb5.3t64:amd64	5.3.28+dfsg2-10ubuntu1
libdbus-1-3:amd64	1.16.2-2ubuntu4
libdconf1:amd64	0.49.0-4
libdebconfclient0:amd64	0.280ubuntu1
libdecor-0-0:amd64	0.2.5-1
libdeflate0:amd64	1.23-2ubuntu1
libdevmapper1.02.1:amd64	2:1.02.205-2ubuntu3
libdisplay-info3:amd64	0.3.0-1
libdotconf0:amd64	1.4.1-1build1
libdouble-conversion3:amd64	3.4.0-1
libdrm-amdgpu1:amd64	2.4.131-1
libdrm-common	2.4.131-1
libdrm-intel1:amd64	2.4.131-1
libdrm2:amd64	2.4.131-1
libduktape207:amd64	2.7.0+tests-0ubuntu4
libdv4t64:amd64	1.0.0-17.1build2
libedit2:amd64	3.1-20251016-1
libefiboot1t64:amd64	39-2
libefivar1t64:amd64	39-2
libegl-mesa0:amd64	26.0.8-1ubuntu0.3
libegl1:amd64	1.7.0-3
libelf1t64:amd64	0.194-4
libepoxy0:amd64	1.5.10-2build1
libespeak-ng1:amd64	1.52.0+dfsg-5build1
libestr0:amd64	0.1.11-2build1
libevdev2:amd64	1.13.6+dfsg-1
libexpat1:amd64	2.7.4-1ubuntu0.2
libext2fs2t64:amd64	1.47.2-3ubuntu4
libfastjson4:amd64	1.2304.0-2build1
libfcft4t64	3.3.2-1
libfdisk1:amd64	2.41.3-3ubuntu2.2
libffi8:amd64	3.5.2-4
libfftw3-single3:amd64	3.3.10-2fakesync1build3
libfido2-1:amd64	1.16.0-2build1
libflac14:amd64	1.5.0+ds-5
libfontconfig1:amd64	2.17.1-3ubuntu1
libfreetype6:amd64	2.14.2+dfsg-1ubuntu0.1
libfribidi0:amd64	1.0.16-5
libfuse3-4:amd64	3.18.2-1
libgbm1:amd64	26.0.8-1ubuntu0.3
libgcc-s1:amd64	16-20260322-1ubuntu1
libgcrypt20:amd64	1.12.0-2ubuntu1.1
libgdk-pixbuf-2.0-0:amd64	2.44.5+dfsg-4ubuntu1
libgdk-pixbuf2.0-common	2.44.5+dfsg-4ubuntu1
libgirepository-2.0-0:amd64	2.88.0-1ubuntu0.1
libgl1:amd64	1.7.0-3
libgl1-mesa-dri:amd64	26.0.8-1ubuntu0.3
libgles2:amd64	1.7.0-3
libglib2.0-0t64:amd64	2.88.0-1ubuntu0.1
libglib2.0-bin	2.88.0-1ubuntu0.1
libglib2.0-data	2.88.0-1ubuntu0.1
libglvnd0:amd64	1.7.0-3
libglx-mesa0:amd64	26.0.8-1ubuntu0.3
libglx0:amd64	1.7.0-3
libglycin-2-0:amd64	2.1.5+ds-0ubuntu0.2
libgmp10:amd64	2:6.3.0+dfsg-5ubuntu2
libgnutls30t64:amd64	3.8.12-2ubuntu1.1
libgomp1:amd64	16-20260322-1ubuntu1
libgpg-error-l10n	1.58-2
libgpg-error0:amd64	1.58-2
libgpm2:amd64	1.20.7-12build1
libgprofng0:amd64	2.46-3ubuntu2
libgraphite2-3:amd64	1.3.14-11ubuntu1.1
libgssapi-krb5-2:amd64	1.22.1-2ubuntu4.1
libgstreamer-plugins-base1.0-0:amd64	1.28.2-1ubuntu0.1
libgstreamer1.0-0:amd64	1.28.2-1
libgtk-3-0t64:amd64	3.24.52-0ubuntu1
libgtk-3-common	3.24.52-0ubuntu1
libgudev-1.0-0:amd64	1:238-7build1
libharfbuzz-gobject0:amd64	12.3.2-2
libharfbuzz0b:amd64	12.3.2-2
libheif-plugin-aomdec:amd64	1.21.2-3ubuntu0.6
libheif1:amd64	1.21.2-3ubuntu0.6
libhogweed6t64:amd64	3.10.2-1
libhwy1t64:amd64	1.3.0-2
libhyprcursor0	0.1.13-0.1
libhyprgraphics4:amd64	0.5.0-2
libhyprlang2	0.6.8-2
libhyprutils10:amd64	0.11.0-3
libhyprwire3:amd64	0.3.0-3
libice6:amd64	2:1.1.1-1build1
libicu78:amd64	78.2-2ubuntu1
libidn2-0:amd64	2.3.8-4build1
libiec61883-0:amd64	1.2.0-8
libimagequant0:amd64	4.4.1-1
libinput-bin	1.31.1-1ubuntu1.2
libinput10:amd64	1.31.1-1ubuntu1.2
libjansson4:amd64	2.14-2build4
libjbig0:amd64	2.1-6.1ubuntu3
libjpeg-turbo8:amd64	2.1.5-4ubuntu4
libjpeg8:amd64	8c-2ubuntu12
libjson-c5:amd64	0.18+ds-3
libjxl0.11:amd64	0.11.1-6ubuntu4.2
libk5crypto3:amd64	1.22.1-2ubuntu4.1
libkeyutils1:amd64	1.6.3-6ubuntu3
libkmod2:amd64	34.2-2ubuntu2
libkrb5-3:amd64	1.22.1-2ubuntu4.1
libkrb5support0:amd64	1.22.1-2ubuntu4.1
liblcms2-2:amd64	2.17-1ubuntu0.2
libldap-common	2.6.10+dfsg-1ubuntu5
libldap2:amd64	2.6.10+dfsg-1ubuntu5
liblerc4:amd64	4.0.0+ds-5ubuntu2
libllvm21:amd64	1:21.1.8-6ubuntu1
liblocale-gettext-perl	1.07-8
liblouis-data	3.36.0-1
liblouis20:amd64	3.36.0-1
libltdl7:amd64	2.5.4-9
liblz4-1:amd64	1.10.0-8
liblzma5:amd64	5.8.3-1
libmagic-mgc	1:5.46-5build2
libmagic1t64:amd64	1:5.46-5build2
libmd0:amd64	1.1.0-2build4
libmd4c0:amd64	0.5.2-2build1
libmnl0:amd64	1.0.5-3build1
libmount1:amd64	2.41.3-3ubuntu2.2
libmp3lame0:amd64	3.101~svn6525+dfsg-2
libmpg123-0t64:amd64	1.33.3-2
libmtdev1t64:amd64	1.1.7-1build1
libmuparser2v5:amd64	2.3.4-2
libncurses6:amd64	6.6+20251231-1
libncursesw6:amd64	6.6+20251231-1
libnetplan1:amd64	1.2-1ubuntu5.1
libnettle8t64:amd64	3.10.2-1
libnewt0.52:amd64	0.52.25-1ubuntu3
libnghttp2-14:amd64	1.68.0-2ubuntu0.2
libnss-systemd:amd64	259.5-0ubuntu3.4
libogg0:amd64	1.3.6-2
libopengl0:amd64	1.7.0-3
libopenjp2-7:amd64	2.5.4-1ubuntu0.1
libopus0:amd64	1.6.1-1
liborc-0.4-0t64:amd64	1:0.4.42-2
libp11-kit0:amd64	0.26.2-2
libpam-cap:amd64	1:2.75-10ubuntu2
libpam-modules:amd64	1.7.0-5ubuntu3.2
libpam-modules-bin	1.7.0-5ubuntu3.2
libpam-runtime	1.7.0-5ubuntu3.2
libpam-systemd:amd64	259.5-0ubuntu3.4
libpam0g:amd64	1.7.0-5ubuntu3.2
libpango-1.0-0:amd64	1.57.0-1
libpangocairo-1.0-0:amd64	1.57.0-1
libpangoft2-1.0-0:amd64	1.57.0-1
libpangoxft-1.0-0:amd64	1.57.0-1
libpcaudio0:amd64	1.3-1build1
libpciaccess0:amd64	0.18.1-1ubuntu4.1
libpcre2-16-0:amd64	10.46-1build1
libpcre2-8-0:amd64	10.46-1build1
libpipewire-0.3-0t64:amd64	1.6.2-1ubuntu1.2
libpixman-1-0:amd64	0.46.4-1
libpng16-16t64:amd64	1.6.57-1
libpolkit-agent-1-0:amd64	127-2ubuntu1.1
libpolkit-gobject-1-0:amd64	127-2ubuntu1.1
libpopt0:amd64	1.19+dfsg-2build1
libproc2-0:amd64	2:4.0.4-9ubuntu1
libproxy1v5:amd64	0.5.12-1
libpsl5t64:amd64	0.21.2-1.1build2
libpulse0:amd64	1:17.0+dfsg1-2ubuntu4
libpython3-stdlib:amd64	3.14.3-0ubuntu2
libpython3.14:amd64	3.14.4-1ubuntu0.2
libpython3.14-minimal:amd64	3.14.4-1ubuntu0.2
libpython3.14-stdlib:amd64	3.14.4-1ubuntu0.2
libqt6core6t64:amd64	6.10.2+dfsg-7
libqt6dbus6:amd64	6.10.2+dfsg-7
libqt6gui6:amd64	6.10.2+dfsg-7
libqt6network6:amd64	6.10.2+dfsg-7
libqt6opengl6:amd64	6.10.2+dfsg-7
libqt6qml6:amd64	6.10.2+dfsg-3
libqt6qmlmeta6:amd64	6.10.2+dfsg-3
libqt6qmlmodels6:amd64	6.10.2+dfsg-3
libqt6qmlworkerscript6:amd64	6.10.2+dfsg-3
libqt6quick6:amd64	6.10.2+dfsg-3
libraqm0:amd64	0.10.4-1
libraw1394-11:amd64	2.1.2-2build4
libre2-11:amd64	20250805-1build3
libreadline8t64:amd64	8.3-4
librsvg2-2:amd64	2.61.3+dfsg-3
librtmp1:amd64	2.4+20151223.gitfa8646d.1-3
libsasl2-2:amd64	2.1.28+dfsg1-9ubuntu3
libsasl2-modules:amd64	2.1.28+dfsg1-9ubuntu3
libsasl2-modules-db:amd64	2.1.28+dfsg1-9ubuntu3
libseat1:amd64	0.9.2-2
libseccomp2:amd64	2.6.0-2ubuntu5
libselinux1:amd64	3.9-4build1
libsemanage-common	3.9-1build1
libsemanage2:amd64	3.9-1build1
libsensors-config	1:3.6.2-2build1
libsensors5:amd64	1:3.6.2-2build1
libsepol2:amd64	3.9-2
libsframe3:amd64	2.46-3ubuntu2
libsharpyuv0:amd64	1.5.0-0.1build1
libshout3:amd64	2.4.6-1build3
libslang2:amd64	2.3.3-5build1
libsm6:amd64	2:1.2.6-1build1
libsmartcols1:amd64	2.41.3-3ubuntu2.2
libsndfile1:amd64	1.2.2-4
libsodium23:amd64	1.0.18-2
libsonic0:amd64	0.2.0-13build2
libsoup-3.0-0:amd64	3.6.6-1
libsoup-3.0-common	3.6.6-1
libspa-0.2-modules:amd64	1.6.2-1ubuntu1.2
libspeechd-module0:amd64	0.12.1-2ubuntu1
libspeechd2:amd64	0.12.1-2ubuntu1
libspeex1:amd64	1.2.1-3build1
libsqlite3-0:amd64	3.46.1-9ubuntu0.3
libss2:amd64	1.47.2-3ubuntu4
libssh2-1t64:amd64	1.11.1-1ubuntu0.26.04.4
libssl3t64:amd64	3.5.5-1ubuntu3.7
libstartup-notification0:amd64	0.12-8build1
libstdc++6:amd64	16-20260322-1ubuntu1
libsystemd-shared:amd64	259.5-0ubuntu3.4
libsystemd0:amd64	259.5-0ubuntu3.4
libtag2:amd64	2.2.1-3
libtasn1-6:amd64	4.21.0-2
libtext-charwidth-perl:amd64	0.04-11build4
libtext-iconv-perl:amd64	1.7-8.1
libtext-wrapi18n-perl	0.06-10
libthai-data	0.1.30-1
libthai0:amd64	0.1.30-1
libtheora1:amd64	1.2.0+dfsg-6
libtheoradec2:amd64	1.2.0+dfsg-6
libtheoraenc2:amd64	1.2.0+dfsg-6
libtiff6:amd64	4.7.0-3ubuntu5
libtinfo6:amd64	6.6+20251231-1
libtirpc-common	1.3.7-0.1
libtirpc3t64:amd64	1.3.7-0.1
libtomlplusplus3t64:amd64	3.4.0+ds-0.2build2
libts0t64:amd64	1.22-1.1build2
libtwolame0:amd64	0.4.0-2build4
libuchardet0:amd64	0.0.8-2
libudev1:amd64	259.5-0ubuntu3.4
libudis86-0	0+20221013-1.1build1
libunistring5:amd64	1.3-2build1
libutf8proc3:amd64	2.10.0-2
libuuid1:amd64	2.41.3-3ubuntu2.2
libv4l-0t64:amd64	1.32.0-2ubuntu1
libv4lconvert0t64:amd64	1.32.0-2ubuntu1
libvisual-0.4-0:amd64	0.4.2-4
libvorbis0a:amd64	1.3.7-3build2
libvorbisenc2:amd64	1.3.7-3build2
libvpx12:amd64	1.16.0-3
libvulkan1:amd64	1.4.341.0-1
libwacom-common	2.18.0-1
libwacom9:amd64	2.18.0-1
libwavpack1:amd64	5.9.0-1
libwayland-client0:amd64	1.24.0-2
libwayland-cursor0:amd64	1.24.0-2
libwayland-egl1:amd64	1.24.0-2
libwayland-server0:amd64	1.24.0-2
libwebp7:amd64	1.5.0-0.1build1
libwebpdemux2:amd64	1.5.0-0.1build1
libwebpmux3:amd64	1.5.0-0.1build1
libwebrtc-audio-processing-1-3:amd64	1.3-3build2
libwnck-3-0:amd64	43.3-1build1
libwnck-3-common	43.3-1build1
libx11-6:amd64	2:1.8.13-1
libx11-data	2:1.8.13-1
libx11-xcb1:amd64	2:1.8.13-1
libxau6:amd64	1:1.0.11-1build2
libxcb-composite0:amd64	1.17.0-2ubuntu1
libxcb-cursor0:amd64	0.1.6-1
libxcb-dri3-0:amd64	1.17.0-2ubuntu1
libxcb-errors0:amd64	1.0.1-4build1
libxcb-glx0:amd64	1.17.0-2ubuntu1
libxcb-icccm4:amd64	0.4.2-1build1
libxcb-image0:amd64	0.4.0-2build2
libxcb-keysyms1:amd64	0.4.1-1build1
libxcb-present0:amd64	1.17.0-2ubuntu1
libxcb-randr0:amd64	1.17.0-2ubuntu1
libxcb-render-util0:amd64	0.3.10-1build1
libxcb-render0:amd64	1.17.0-2ubuntu1
libxcb-res0:amd64	1.17.0-2ubuntu1
libxcb-shape0:amd64	1.17.0-2ubuntu1
libxcb-shm0:amd64	1.17.0-2ubuntu1
libxcb-sync1:amd64	1.17.0-2ubuntu1
libxcb-util1:amd64	0.4.1-1build1
libxcb-xfixes0:amd64	1.17.0-2ubuntu1
libxcb-xinput0:amd64	1.17.0-2ubuntu1
libxcb-xkb1:amd64	1.17.0-2ubuntu1
libxcb1:amd64	1.17.0-2ubuntu1
libxcomposite1:amd64	1:0.4.6-1build1
libxcursor1:amd64	1:1.2.3-1build1
libxdamage1:amd64	1:1.1.7-1
libxdmcp6:amd64	1:1.1.5-2
libxext6:amd64	2:1.3.4-1build3
libxfixes3:amd64	1:6.0.0-2build2
libxft2:amd64	2.3.6-1build2
libxi6:amd64	2:1.8.2-2
libxinerama1:amd64	2:1.1.4-3build2
libxkbcommon-x11-0:amd64	1.13.1-1
libxkbcommon0:amd64	1.13.1-1
libxml2-16:amd64	2.15.2+dfsg-0.1ubuntu0.2
libxmuu1:amd64	2:1.1.3-4
libxrandr2:amd64	2:1.5.4-1build1
libxrender1:amd64	1:0.9.12-1build1
libxres1:amd64	2:1.2.1-1build2
libxshmfence1:amd64	1.3.3-1build1
libxtables12:amd64	1.8.11-2ubuntu3
libxtst6:amd64	2:1.2.5-1build1
libxxf86vm1:amd64	1:1.1.4-2
libxxhash0:amd64	0.8.3-2build1
libyaml-0-2:amd64	0.2.5-2build3
libzip5:amd64	1.11.4-2
libzstd1:amd64	1.5.7+dfsg-3
linux-base	4.15ubuntu5
linux-image-7.0.0-38-generic	7.0.0-38.38
linux-image-virtual	7.0.0-38.38
linux-main-modules-zfs-7.0.0-38-generic	7.0.0-38.38
linux-modules-7.0.0-38-generic	7.0.0-38.38
linux-sysctl-defaults	4.15ubuntu5
locales	2.43-2ubuntu2.4
login	1:4.16.0-2+really2.41.3-3ubuntu2.2
login.defs	1:4.17.4-2ubuntu3
logrotate	3.22.0-1build1
logsave	1.47.2-3ubuntu4
lsb-release	12.1-2build1
mawk	1.3.4.20260129-1
media-types	14.0.0build1
mesa-libgallium:amd64	26.0.8-1ubuntu0.3
mesa-utils	9.0.0-2build1
mesa-utils-bin:amd64	9.0.0-2build1
mokutil	0.7.2-2
mount	2.41.3-3ubuntu2.2
ncurses-base	6.6+20251231-1
ncurses-bin	6.6+20251231-1
ncurses-term	6.6+20251231-1
netbase	6.5build1
netcat-openbsd	1.234-1
netplan-generator	1.2-1ubuntu5.1
netplan.io	1.2-1ubuntu5.1
networkd-dispatcher	2.2.4-1.1ubuntu1
openssh-client	1:10.2p1-2ubuntu3.6
openssl	3.5.5-1ubuntu3.7
openssl-provider-legacy	3.5.5-1ubuntu3.7
orca	50.2-0ubuntu0.1
passwd	1:4.17.4-2ubuntu3
perl-base	5.40.1-7ubuntu0.3
polkitd	127-2ubuntu1.1
procps	2:4.0.4-9ubuntu1
publicsuffix	20260129.1928-1
python-apt-common	3.1.0ubuntu1.1
python3	3.14.3-0ubuntu2
python3-apt	3.1.0ubuntu1.1
python3-brlapi:amd64	6.7-1ubuntu6
python3-cairo	1.27.0-2build2
python3-cffi-backend:amd64	2.0.0-3build1
python3-dasbus	1.7-2build1
python3-dbus	1.4.0-1build2
python3-gi	3.56.2-1
python3-linkify-it	2.0.3-1ubuntu3
python3-louis	3.36.0-1
python3-markdown-it	3.0.0-3build1
python3-mdurl	0.1.2-1build1
python3-minimal	3.14.3-0ubuntu2
python3-netplan	1.2-1ubuntu5.1
python3-pil:amd64	12.1.1-2ubuntu1.3
python3-psutil	7.1.0-1ubuntu1
python3-pygments	2.19.2+dfsg-1
python3-rich	13.9.4-1.2
python3-setproctitle:amd64	1.3.7-2build1
python3-speechd	0.12.1-2ubuntu1
python3-uc-micro	1.0.3-1build1
python3-xdg	0.28-3
python3-yaml	6.0.3-1build1
python3.14	3.14.4-1ubuntu0.2
python3.14-minimal	3.14.4-1ubuntu0.2
qml6-module-qtqml:amd64	6.10.2+dfsg-3
qml6-module-qtqml-models:amd64	6.10.2+dfsg-3
qml6-module-qtqml-workerscript:amd64	6.10.2+dfsg-3
qml6-module-qtquick:amd64	6.10.2+dfsg-3
readline-common	8.3-4
rsyslog	8.2512.0-1ubuntu4.2
rust-coreutils	0.10.0-1ubuntu2~26.04.1
sbsigntool	0.9.4-3.1ubuntu9
sddm	0.21.0+git20250502.4fe234b-2ubuntu3
secureboot-db	1.9build2
sed	4.9-2ubuntu1
sensible-utils	0.0.26build1
sgml-base	1.31+nmu1build1
shared-mime-info	2.4-5build3
shim-signed	1.59+15.8-0ubuntu2
speech-dispatcher	0.12.1-2ubuntu1
speech-dispatcher-audio-plugins:amd64	0.12.1-2ubuntu1
speech-dispatcher-espeak-ng	0.12.1-2ubuntu1
sudo	1.9.17p2-1ubuntu3.1
sudo-common	1.2ubuntu
sudo-rs	0.2.13-0ubuntu1.2
systemd	259.5-0ubuntu3.4
systemd-cryptsetup	259.5-0ubuntu3.4
systemd-hwe-hwdb	259.5.3ubuntu
systemd-resolved	259.5-0ubuntu3.4
systemd-sysv	259.5-0ubuntu3.4
systemd-timesyncd	259.5-0ubuntu3.4
sysvinit-utils	3.15-5ubuntu1
tar	1.35+dfsg-4ubuntu0.4
tzdata	2026c-0ubuntu0.26.04.1
ubuntu-keyring	2023.11.28.1build1
ubuntu-minimal	1.570.4
ubuntu-pro-client	37.2ubuntu0.1
ubuntu-pro-client-l10n	37.2ubuntu0.1
ucf	3.0052ubuntu1
udev	259.5-0ubuntu3.4
user-session-migration	0.5.1
util-linux	2.41.3-3ubuntu2.2
vim	2:9.1.2141-1ubuntu4.9
vim-common	2:9.1.2141-1ubuntu4.9
vim-runtime	2:9.1.2141-1ubuntu4.9
vim-tiny	2:9.1.2141-1ubuntu4.9
whiptail	0.52.25-1ubuntu3
wireless-regdb	2026.05.30-0ubuntu1~26.04.1
x11-common	1:7.7+26ubuntu1
xauth	1:1.1.2-1.1build1
xdg-user-dirs	0.19-1
xkb-data	2.46-2
xml-core	0.19build1
xxd	2:9.1.2141-1ubuntu4.9
zlib1g:amd64	1:1.3.dfsg+really1.3.1-1ubuntu3.1
zstd	1.5.7+dfsg-3
